Type,Track Title,Artist,Album,Release Year,Spotify URL,Spotify ID,Has Lyrics,Match Confidence,Local Title,Duration (ms),Explicit,Preview URL,Notes
"With Lyrics","All the Answers","Ilse DeLange","Here I Am (1998-2003)","2003","https://open.spotify.com/track/40WLwE3BBevSuyaSAVFs8d","40WLwE3BBevSuyaSAVFs8d","Yes","partial","There for a Moment","296986","No","",""
"With Lyrics","All the Answers - Live","Ilse DeLange","Here I Am (1998-2003)","2003","https://open.spotify.com/track/0rSydWjyCCYae3MJwv8Lhl","0rSydWjyCCYae3MJwv8Lhl","Yes","partial","There for a Moment","302426","No","",""
"With Lyrics","Always Overcome","Ilse DeLange","Livin' On Love","2000","https://open.spotify.com/track/6kMNQl8KOgGnrKuxSL1Ye7","6kMNQl8KOgGnrKuxSL1Ye7","Yes","exact","Always overcome","288693","No","",""
"With Lyrics","As If Only","The Common Linnets","II","2015","https://open.spotify.com/track/4NUUGnvPUiqH3Gotgiij0D","4NUUGnvPUiqH3Gotgiij0D","Yes","exact","","221320","No","",""
"With Lyrics","Blue Bittersweet","Ilse DeLange","After The Hurricane - Greatest Hits & More","2013","https://open.spotify.com/track/31MtA1bmM3PsiAX1sur7rM","31MtA1bmM3PsiAX1sur7rM","Yes","exact","","270200","No","",""
"With Lyrics","Breathe In, Breathe Out","Ilse DeLange","Livin' On Love","2000","https://open.spotify.com/track/4aQFhUm8JbhmuAjtg8J4gR","4aQFhUm8JbhmuAjtg8J4gR","Yes","partial","Man In The Moon","295693","No","",""
"With Lyrics","Building Bridges - Live","Ilse DeLange","Building Bridges (Live)","2019","https://open.spotify.com/track/78D3kYg8XwIeMSKWajLFh9","78D3kYg8XwIeMSKWajLFh9","Yes","partial","Here I am","167306","No","",""
"With Lyrics","Calm After The Storm","The Common Linnets","The Common Linnets (Special Edition)","2014","https://open.spotify.com/track/04CTTh6AIzuPGPW2GO9hoF","04CTTh6AIzuPGPW2GO9hoF","Yes","exact","Calm after the storm","212693","No","",""
"With Lyrics","Calm After The Storm - Acoustic","The Common Linnets","The Common Linnets (Special Edition)","2014","https://open.spotify.com/track/7F4FTZ3zmpPSILwrwxFDYp","7F4FTZ3zmpPSILwrwxFDYp","Yes","partial","Calm after the storm","213813","No","",""
"With Lyrics","Christmas Around Me","The Common Linnets","The Common Linnets (Special Edition)","2014","https://open.spotify.com/track/6lC7PGSkhtnEykKakCYhUY","6lC7PGSkhtnEykKakCYhUY","Yes","exact","Christmas around me","179840","No","",""
"With Lyrics","Dance On The Heartbreak","Ilse DeLange","Eye Of The Hurricane","2012","https://open.spotify.com/track/50CZL7kkzzeR9B6M2SGDJB","50CZL7kkzzeR9B6M2SGDJB","Yes","exact","","228000","No","",""
"With Lyrics","Days Of Endless Time","The Common Linnets","II","2015","https://open.spotify.com/track/4yXxcxjlDZjy2xh3sNpwjF","4yXxcxjlDZjy2xh3sNpwjF","Yes","exact","Days of endless time","206400","No","",""
"With Lyrics","Don't You Let Go Of Me","Ilse DeLange","The Great Escape","2006","https://open.spotify.com/track/28Cfpl0PMWpEeyyBahfU7H","28Cfpl0PMWpEeyyBahfU7H","Yes","exact","Don't you let go of me","304293","No","",""
"With Lyrics","Don't You Let Go Of Me - Live @ HMH","Ilse DeLange","Live in Amsterdam","2007","https://open.spotify.com/track/0hCP9I18AuUiMtj0tYafYb","0hCP9I18AuUiMtj0tYafYb","Yes","partial","Don't you let go of me","300786","No","",""
"With Lyrics","Dust Of Oklahoma","The Common Linnets","II","2015","https://open.spotify.com/track/1smLGi6FlwbVyw5A4dNMCy","1smLGi6FlwbVyw5A4dNMCy","Yes","exact","Dust of Oklahoma","238600","No","",""
"With Lyrics","Eyes Straight Ahead","Ilse DeLange","Live In Gelredome","2011","https://open.spotify.com/track/1zlgzEp09UQ8pJJeq2Ca8G","1zlgzEp09UQ8pJJeq2Ca8G","Yes","exact","Eyes straight ahead","208200","No","",""
"With Lyrics","Fall","Ilse DeLange","Incredible (Platinum Edition)","2009","https://open.spotify.com/track/1iQDg1MreKTt1XGaIh8L91","1iQDg1MreKTt1XGaIh8L91","Yes","exact","","213493","No","",""
"With Lyrics","Far Away","Ilse DeLange","The Great Escape","2006","https://open.spotify.com/track/4t1C4Kf0dNUlJBqhX86Xlh","4t1C4Kf0dNUlJBqhX86Xlh","Yes","exact","Far away","262146","No","",""
"With Lyrics","Flying Blind","Ilse DeLange","Live In Gelredome","2011","https://open.spotify.com/track/2WHXwwKocyAsPjifgiROb5","2WHXwwKocyAsPjifgiROb5","Yes","exact","","313920","No","",""
"With Lyrics","Flying Blind - Live @ HMH","Ilse DeLange","Live in Amsterdam","2007","https://open.spotify.com/track/5J1kPCA0wn9pdLq5lYIeLF","5J1kPCA0wn9pdLq5lYIeLF","Yes","partial","Here I am","293173","No","",""
"With Lyrics","Flying Solo","Ilse DeLange","World Of Hurt","1998","https://open.spotify.com/track/1Qvdfmmiu1LzCwyjaY0vMc","1Qvdfmmiu1LzCwyjaY0vMc","Yes","exact","","245026","No","",""
"With Lyrics","Give Me A Reason","The Common Linnets","The Common Linnets (Special Edition)","2014","https://open.spotify.com/track/6sioPXWs1sExMUfe5Ztzhf","6sioPXWs1sExMUfe5Ztzhf","Yes","exact","Give me a reason","221560","No","",""
"With Lyrics","Half The Love - Acoustic","Ilse DeLange","Half The Love (Acoustic)","2019","https://open.spotify.com/track/3P6MDyMacqafcm5LCX8voj","3P6MDyMacqafcm5LCX8voj","Yes","partial","There for a Moment","200388","No","",""
"With Lyrics","Have a Little Faith in Me","Ilse DeLange","Here I Am (1998-2003)","2003","https://open.spotify.com/track/7pJjsqvYY7dxZ9dnpfkp3A","7pJjsqvYY7dxZ9dnpfkp3A","Yes","partial","Forgive Me If I Seem a Little Careless","249373","No","",""
"With Lyrics","Have A Little Faith In Me - Live @ HMH","Ilse DeLange","Live in Amsterdam","2007","https://open.spotify.com/track/4WUORNOhyIkVZ3JUulfvW4","4WUORNOhyIkVZ3JUulfvW4","Yes","partial","Forgive Me If I Seem a Little Careless","269653","No","",""
"With Lyrics","Hearts On Fire","The Common Linnets","II","2015","https://open.spotify.com/track/7AfrTT0sdzdjXGfdnuO3WO","7AfrTT0sdzdjXGfdnuO3WO","Yes","exact","Hearts on fire","226213","No","",""
"With Lyrics","Here I Am","Ilse DeLange","Clean Up","2003","https://open.spotify.com/track/0wXGhwM9xyMXdyvO64RySX","0wXGhwM9xyMXdyvO64RySX","Yes","exact","Here I am","268306","No","",""
"With Lyrics","Hungry Hands","The Common Linnets","The Common Linnets (Special Edition)","2014","https://open.spotify.com/track/0ctWDffIiqimp7zRGaUII3","0ctWDffIiqimp7zRGaUII3","Yes","exact","Hungry hands","232986","No","",""
"With Lyrics","Hurricane","Ilse DeLange","Eye Of The Hurricane","2012","https://open.spotify.com/track/00Bv39YTHzifxp6jlvwXMB","00Bv39YTHzifxp6jlvwXMB","Yes","exact","","227213","No","",""
"With Lyrics","I Always Will","Ilse DeLange","The Great Escape","2006","https://open.spotify.com/track/6MvytovGO8D0RzrNAd5hre","6MvytovGO8D0RzrNAd5hre","Yes","exact","I always will","316973","No","",""
"With Lyrics","I Love You - Live","Ilse DeLange","I Love You (Live at Gelredome)","2007","https://open.spotify.com/track/4kcUB3fpEPOB6y627HlVaM","4kcUB3fpEPOB6y627HlVaM","Yes","partial","I need for you","259586","No","",""
"With Lyrics","I Need For You","Ilse DeLange","Eye Of The Hurricane","2012","https://open.spotify.com/track/4FQpd0oD2WlWXDVDHNQeZc","4FQpd0oD2WlWXDVDHNQeZc","Yes","exact","I need for you","277266","No","",""
"With Lyrics","I Will Help You","Ilse DeLange","I Will Help You","2021","https://open.spotify.com/track/6bRaiUdJD2EEvONF6fUmeE","6bRaiUdJD2EEvONF6fUmeE","Yes","partial","I need for you","209292","No","",""
"With Lyrics","I'd Be Yours","Ilse DeLange","Live In Gelredome","2011","https://open.spotify.com/track/62RbtGhUU5qBiq02Dsq5VB","62RbtGhUU5qBiq02Dsq5VB","Yes","exact","I'd be yours","192453","No","",""
"With Lyrics","I'd Be Yours - Radio Mix","Ilse DeLange","Here I Am (1998-2003)","2003","https://open.spotify.com/track/5srQEnGdZuP6ZbdDXKMuwT","5srQEnGdZuP6ZbdDXKMuwT","Yes","partial","I need for you","164440","No","",""
"With Lyrics","I'll Know","Ilse DeLange","After The Hurricane - Greatest Hits & More","2013","https://open.spotify.com/track/4qCnqdMu48hOA078uTL4bp","4qCnqdMu48hOA078uTL4bp","Yes","exact","I'll know","224426","No","",""
"With Lyrics","In Your Eyes","The Common Linnets","II","2015","https://open.spotify.com/track/1d2bbBJDTrD2CGeI7iUn7o","1d2bbBJDTrD2CGeI7iUn7o","Yes","exact","In your eyes","205400","No","",""
"With Lyrics","Indigo Moon","The Common Linnets","II","2015","https://open.spotify.com/track/5W9U9vIPfGScgaWeFCYrDT","5W9U9vIPfGScgaWeFCYrDT","Yes","exact","Indigo moon","214720","No","",""
"With Lyrics","Just Like the Moon","Ilse DeLange","World Of Hurt","1998","https://open.spotify.com/track/6jAcQQtWghRO552P0pyRL6","6jAcQQtWghRO552P0pyRL6","Yes","exact","Just like the moon","230573","No","",""
"With Lyrics","Let Go","Ilse DeLange","Here I Am (1998-2003)","2003","https://open.spotify.com/track/5rJrRINeXLevFA5kbY766W","5rJrRINeXLevFA5kbY766W","Yes","exact","Let go","227386","No","",""
"With Lyrics","Livin On Love","Ilse DeLange","Live In Gelredome","2011","https://open.spotify.com/track/3ta1wyK0cK1h1XMQbhsEeN","3ta1wyK0cK1h1XMQbhsEeN","Yes","exact","Livin' on love","311733","No","",""
"With Lyrics","Lonely Too","Ilse DeLange","World Of Hurt","1998","https://open.spotify.com/track/3K29ULpvdXH9uc7UUMcTgc","3K29ULpvdXH9uc7UUMcTgc","Yes","exact","Lonely too","176040","No","",""
"With Lyrics","Love Goes On","The Common Linnets","The Common Linnets (Special Edition)","2014","https://open.spotify.com/track/2w6daXEQhVhdoGzLB9nQRH","2w6daXEQhVhdoGzLB9nQRH","Yes","exact","","233946","No","",""
"With Lyrics","Lovers & Liars","The Common Linnets","The Common Linnets (Special Edition)","2014","https://open.spotify.com/track/6099NEth84WfgXNyDpsE1W","6099NEth84WfgXNyDpsE1W","Yes","exact","","216000","No","",""
"With Lyrics","Machine People","Ilse DeLange","Clean Up","2003","https://open.spotify.com/track/1jpsiZ9NhnehQNuj9aVEWA","1jpsiZ9NhnehQNuj9aVEWA","Yes","exact","Machine people","244746","No","",""
"With Lyrics","Magic","Ilse DeLange","Eye Of The Hurricane","2012","https://open.spotify.com/track/4ow7srRrfpDT7lfwK9JFS7","4ow7srRrfpDT7lfwK9JFS7","Yes","exact","","214293","No","",""
"With Lyrics","Man In The Moon","Ilse DeLange","Live in Amsterdam","2007","https://open.spotify.com/track/65dlGsitYQz9TH2BXhrben","65dlGsitYQz9TH2BXhrben","Yes","exact","","229973","No","",""
"With Lyrics","Miss Politician","Ilse DeLange","The Great Escape","2006","https://open.spotify.com/track/0cDHfx6Ts3u6Kh0oDZuuwn","0cDHfx6Ts3u6Kh0oDZuuwn","Yes","exact","Miss politician","218386","No","",""
"With Lyrics","No Man's Land Man","Ilse DeLange","Gravel & Dust","2019","https://open.spotify.com/track/3WAXaei93J9dbLWUpi35xo","3WAXaei93J9dbLWUpi35xo","Yes","partial","There for a Moment","230315","No","",""
"With Lyrics","Not Waiting for You","Ilse DeLange","Clean Up","2003","https://open.spotify.com/track/1UDwx4a0kSgNY3E9IhKVGq","1UDwx4a0kSgNY3E9IhKVGq","Yes","exact","Not waiting for you","283440","No","",""
"With Lyrics","Nothing Left To Break","Ilse DeLange","Incredible (Platinum Edition)","2009","https://open.spotify.com/track/6I5G5n5JfPyBqxrAHUeQ24","6I5G5n5JfPyBqxrAHUeQ24","Yes","exact","Nothing left to break","214186","No","",""
"With Lyrics","OK","Ilse DeLange","Ilse DeLange","2018","https://open.spotify.com/track/1OdgUeMznMbZyG2oxV5fTR","1OdgUeMznMbZyG2oxV5fTR","Yes","exact","","211146","No","",""
"With Lyrics","Paper Plane","Ilse DeLange","Next To Me (Standard version)","2010","https://open.spotify.com/track/4DfBjFQKp2r3LwMlCL17zO","4DfBjFQKp2r3LwMlCL17zO","Yes","exact","Paper plane","221213","No","",""
"With Lyrics","Pirate of your soul","Ilse DeLange","Incredible (Platinum Edition)","2009","https://open.spotify.com/track/0vPAzF135qJS9PgYr3yFKZ","0vPAzF135qJS9PgYr3yFKZ","Yes","exact","","214853","No","",""
"With Lyrics","Proud","The Common Linnets","II","2015","https://open.spotify.com/track/0BXYuaCJqYNxDsDynXH6oC","0BXYuaCJqYNxDsDynXH6oC","Yes","exact","","219653","No","",""
"With Lyrics","Puzzle Me","Ilse DeLange","Live In Gelredome","2011","https://open.spotify.com/track/0Pdk0d5pKlt7limUyRUDBr","0Pdk0d5pKlt7limUyRUDBr","Yes","exact","Puzzle me","238160","No","",""
"With Lyrics","Reach For The Light","Ilse DeLange","The Great Escape","2006","https://open.spotify.com/track/3KXNC4gTPyKKfbkjrLTvD6","3KXNC4gTPyKKfbkjrLTvD6","Yes","exact","Reach for the light","273026","No","",""
"With Lyrics","Ride The Wind To Me - Live @ HMH","Ilse DeLange","Live in Amsterdam","2007","https://open.spotify.com/track/4HuYK7rZ5LeeNGjAdoavrr","4HuYK7rZ5LeeNGjAdoavrr","Yes","partial","I didn't mean to be so cold","323426","No","",""
"With Lyrics","Right With You","Ilse DeLange","Ilse DeLange","2018","https://open.spotify.com/track/6XuQymJUTPmphKbtW4CxeO","6XuQymJUTPmphKbtW4CxeO","Yes","partial","I need for you","235960","No","",""
"With Lyrics","Runaway Man","The Common Linnets","II","2015","https://open.spotify.com/track/7Ev7qYlI4T8xTPXUA8trss","7Ev7qYlI4T8xTPXUA8trss","Yes","exact","Runaway man","181040","No","",""
"With Lyrics","So Incredible","Ilse DeLange","Incredible (Platinum Edition)","2009","https://open.spotify.com/track/53ib6DB1FJABdSQwdOvyc0","53ib6DB1FJABdSQwdOvyc0","Yes","exact","So incredible","177120","No","",""
"With Lyrics","Soho Waltz","The Common Linnets","II","2015","https://open.spotify.com/track/4aAFTdwzvIobdPm73fmT8D","4aAFTdwzvIobdPm73fmT8D","Yes","exact","Soho waltz","269280","No","",""
"With Lyrics","Something Amazing","Ilse DeLange","Live In Gelredome","2011","https://open.spotify.com/track/5tAkCUVotHpksmX1Ybdoql","5tAkCUVotHpksmX1Ybdoql","Yes","exact","Something amazing","202493","No","",""
"With Lyrics","Space Cowboy","Ilse DeLange","Eye Of The Hurricane","2012","https://open.spotify.com/track/4NoHZTmORxCRaUdYrA41zG","4NoHZTmORxCRaUdYrA41zG","Yes","exact","Space cowboy","312013","No","",""
"With Lyrics","Stay With Me","Ilse DeLange","Incredible (Platinum Edition)","2009","https://open.spotify.com/track/1GYVPXXvBC23ieLYSF2RE9","1GYVPXXvBC23ieLYSF2RE9","Yes","exact","Stay with me","216826","No","",""
"With Lyrics","Still Loving After You","The Common Linnets","The Common Linnets (Special Edition)","2014","https://open.spotify.com/track/4Hvb5CWuKCQchxARq6yOOi","4Hvb5CWuKCQchxARq6yOOi","Yes","exact","Still loving after you","234253","No","",""
"With Lyrics","Still Loving After You - Acoustic","The Common Linnets","The Common Linnets (Special Edition)","2014","https://open.spotify.com/track/6X63CwOoAQWQmn8yjNCveB","6X63CwOoAQWQmn8yjNCveB","Yes","partial","Still loving after you","247040","No","",""
"With Lyrics","Sun & Shadow","Ilse DeLange","Ilse DeLange","2018","https://open.spotify.com/track/2yMhnBD4NfSrinZahlzreK","2yMhnBD4NfSrinZahlzreK","Yes","exact","","199213","No","",""
"With Lyrics","Sun Song","The Common Linnets","The Common Linnets (Special Edition)","2014","https://open.spotify.com/track/7qQ1ZAnokjjyu2my98tzCt","7qQ1ZAnokjjyu2my98tzCt","Yes","exact","","166880","No","",""
"With Lyrics","Tap Dancing on the Highwire","Ilse DeLange","World Of Hurt","1998","https://open.spotify.com/track/2m8Yll0A9or36fIJ48XCgC","2m8Yll0A9or36fIJ48XCgC","Yes","exact","Tap Dancing On The Highwire.","187626","No","",""
"With Lyrics","Tapdancing On The Highwire - Live @ HMH","Ilse DeLange","Live in Amsterdam","2007","https://open.spotify.com/track/07SOAghXNdMyxOtfZWljRx","07SOAghXNdMyxOtfZWljRx","Yes","partial","I Saw the Sunrise on the Hill","201960","No","",""
"With Lyrics","Thank You","Ilse DeLange","Clean Up","2003","https://open.spotify.com/track/1FLpCRUlk3rttjivGAOUUZ","1FLpCRUlk3rttjivGAOUUZ","Yes","exact","Thank you","200253","No","",""
"With Lyrics","That Part","The Common Linnets","II","2015","https://open.spotify.com/track/1xV6wbvqGXnrsKEqMAzfVk","1xV6wbvqGXnrsKEqMAzfVk","Yes","exact","That part","227186","No","",""
"With Lyrics","The Great Escape","Ilse DeLange","Live In Gelredome","2011","https://open.spotify.com/track/5OhhLKC7vDIrqgvlZu8fJ0","5OhhLKC7vDIrqgvlZu8fJ0","Yes","exact","The great escape","297386","No","",""
"With Lyrics","The Great Escape - Acoustic Version","Ilse DeLange","The Lonely One (e-product)","2006","https://open.spotify.com/track/3dZrPZp68VkIWFmpTddLDt","3uQVHAior8mGHPIm7h3iL3","Yes","partial","There for a Moment","240373","No","",""
"With Lyrics","The Great Escape - Live in Ahoy 2009","Ilse DeLange","Live in Ahoy (Bonus Track Version)","2009","https://open.spotify.com/track/2bpY12JP0ez3ComYxAaEFP","2bpY12JP0ez3ComYxAaEFP","Yes","partial","She Has the Wind as a Witness","303680","No","",""
"With Lyrics","The Lonely One","Ilse DeLange","The Great Escape","2006","https://open.spotify.com/track/4yJHabSt7fyh4KIjC6KdUc","4yJHabSt7fyh4KIjC6KdUc","Yes","exact","The lonely one","228973","No","",""
"With Lyrics","The Only Thing I Ever Got Right","Ilse DeLange","Gravel & Dust","2019","https://open.spotify.com/track/6sHg4aTK7Yjw8f9rKboZEG","6sHg4aTK7Yjw8f9rKboZEG","Yes","partial","I Saw the Sunrise on the Hill","259348","No","",""
"With Lyrics","The Other Side","Ilse DeLange","Live In Gelredome","2011","https://open.spotify.com/track/5uNPJgZV8JBPjCD9ljwdo1","5uNPJgZV8JBPjCD9ljwdo1","Yes","exact","The other side","289333","No","",""
"With Lyrics","The Valley","Ilse DeLange","The Great Escape","2006","https://open.spotify.com/track/6UZuqObGorRYwiP83zpIgd","6UZuqObGorRYwiP83zpIgd","Yes","exact","The valley","256240","No","",""
"With Lyrics","The Valley - Acoustic Version","Ilse DeLange","The Lonely One (e-product)","2006","https://open.spotify.com/track/2nNaPvJc8tQ3trfwv73Arp","2nNaPvJc8tQ3trfwv73Arp","Yes","partial","There for a Moment","235186","No","",""
"With Lyrics","They say - Demo Version","Ilse DeLange","Incredible (Platinum Edition)","2009","https://open.spotify.com/track/7c0wXawzdNFkMSyqGlXFha","7c0wXawzdNFkMSyqGlXFha","Yes","exact","They say (demo version)","205826","No","",""
"With Lyrics","Time Has No Mercy","The Common Linnets","The Common Linnets (Special Edition)","2014","https://open.spotify.com/track/2lKeBrr5Jnaz47ub4suVT7","2lKeBrr5Jnaz47ub4suVT7","Yes","exact","Time has no mercy","168280","No","",""
"With Lyrics","Time Has No Mercy - Acoustic","The Common Linnets","The Common Linnets (Special Edition)","2014","https://open.spotify.com/track/0rNZR8obD5YbJx39cF0uAz","0rNZR8obD5YbJx39cF0uAz","Yes","partial","Give me a reason","170146","No","",""
"With Lyrics","Time Out","Ilse DeLange","Live In Gelredome","2011","https://open.spotify.com/track/7jgXTH8BKKr01QXqxkLOaO","7jgXTH8BKKr01QXqxkLOaO","Yes","exact","Time out","292386","No","",""
"With Lyrics","Time Will Have To Wait","Ilse DeLange","Eye Of The Hurricane","2012","https://open.spotify.com/track/0VmxoWgQXLltf898TBovet","0VmxoWgQXLltf898TBovet","Yes","exact","","246160","No","",""
"With Lyrics","Turn Around","Ilse DeLange","After The Hurricane - Greatest Hits & More","2013","https://open.spotify.com/track/3LmXlzMuIZNmxSyiz41fQl","3LmXlzMuIZNmxSyiz41fQl","Yes","exact","","251200","No","",""
"With Lyrics","Untouchable","Ilse DeLange","Live In Gelredome","2011","https://open.spotify.com/track/3JPnZn5AfniR2u0U2ZVgSc","3JPnZn5AfniR2u0U2ZVgSc","Yes","exact","","272533","No","",""
"With Lyrics","Walls Of Jericho","The Common Linnets","II","2015","https://open.spotify.com/track/0Zxnhf1nhLticXGyc4DzH2","0Zxnhf1nhLticXGyc4DzH2","Yes","exact","Walls of Jericho","237786","No","",""
"With Lyrics","Was It Love","Ilse DeLange","The Great Escape","2006","https://open.spotify.com/track/10i4WTGNmRhvxaH35fKg2I","10i4WTGNmRhvxaH35fKg2I","Yes","exact","Was it love","243760","No","",""
"With Lyrics","Waterfall","Ilse DeLange","The Great Escape","2006","https://open.spotify.com/track/57SUaaNb0Gyt5Mo8kMpSKV","57SUaaNb0Gyt5Mo8kMpSKV","Yes","exact","","230706","No","",""
"With Lyrics","We Are One","Ilse DeLange","Eye Of The Hurricane","2012","https://open.spotify.com/track/0jXj73Jb23xYjEjY7oiUgF","0jXj73Jb23xYjEjY7oiUgF","Yes","exact","We are one","244533","No","",""
"With Lyrics","We Don’t Make The Wind Blow","The Common Linnets","II","2015","https://open.spotify.com/track/5YtKy2tfZnYSebdTD8SeHl","5YtKy2tfZnYSebdTD8SeHl","Yes","exact","We don’t make the wind blow","216146","No","",""
"With Lyrics","We're Alright","Ilse DeLange","Live In Gelredome","2011","https://open.spotify.com/track/3aPdKqIDklXBUz9Wsi6QJx","3aPdKqIDklXBUz9Wsi6QJx","Yes","exact","We're alright","258213","No","",""
"With Lyrics","What Does Your Heart Say Now","Ilse DeLange","World Of Hurt","1998","https://open.spotify.com/track/0V5FPfPUmsQU77IxFXz9eU","0V5FPfPUmsQU77IxFXz9eU","Yes","exact","What does your heart say now","187000","No","",""
"With Lyrics","When","Ilse DeLange","The Great Escape","2006","https://open.spotify.com/track/0re5UG8PLqcA7vb54zDiWL","0re5UG8PLqcA7vb54zDiWL","Yes","exact","","233773","No","",""
"With Lyrics","When Love Was King","The Common Linnets","The Common Linnets (Special Edition)","2014","https://open.spotify.com/track/3Sqb10OeKd4omWQAOcgOWR","3Sqb10OeKd4omWQAOcgOWR","Yes","exact","When love was king","246840","No","",""
"With Lyrics","Where Do I Go With Me","The Common Linnets","The Common Linnets (Special Edition)","2014","https://open.spotify.com/track/0NYFHppOnXNHc1Q7g4QiyJ","0NYFHppOnXNHc1Q7g4QiyJ","Yes","exact","Where do i go with me","216520","No","",""
"With Lyrics","Winter Of Love","Ilse DeLange","Eye Of The Hurricane","2012","https://open.spotify.com/track/5QCS8ZIHNCcz7Z73Zs8z9x","5QCS8ZIHNCcz7Z73Zs8z9x","Yes","exact","Winter of love","235320","No","",""
"With Lyrics","Without You","Ilse DeLange","Live in Amsterdam","2007","https://open.spotify.com/track/6KBxDsMeeeBQcY7MlpUUZB","6KBxDsMeeeBQcY7MlpUUZB","Yes","exact","Without you","296213","No","",""
"With Lyrics","Wouldn't That Be Something","Ilse DeLange","Here I Am (1998-2003)","2003","https://open.spotify.com/track/6md2y4NNFLJN6WQ4gsdUm0","6md2y4NNFLJN6WQ4gsdUm0","Yes","exact","Wouldn't that be something","242693","No","",""
"With Lyrics","You Are the Dream","Ilse DeLange","World Of Hurt","1998","https://open.spotify.com/track/2Ri4YLoi5qgmepgJMpGkQQ","2Ri4YLoi5qgmepgJMpGkQQ","Yes","partial","There for a Moment","177133","No","",""
"Missing Lyrics","Adrift","Ilse DeLange","Incredible (Platinum Edition)","2009","https://open.spotify.com/track/56yg8zbmDBkt4maucVtA8j","56yg8zbmDBkt4maucVtA8j","No","","","223933","No","",""
"Missing Lyrics","All Alone","Ilse DeLange","Clean Up","2003","https://open.spotify.com/track/4ah5ww7XoVA7QGiG4lPjZV","4ah5ww7XoVA7QGiG4lPjZV","No","","","209760","No","",""
"Missing Lyrics","All I got to give","Ilse DeLange","Incredible (Platinum Edition)","2009","https://open.spotify.com/track/7wxaKsDTibE0Nv7ik8DfDt","7wxaKsDTibE0Nv7ik8DfDt","No","","","205080","No","",""
"Missing Lyrics","All the Woman You'll Ever Need","Ilse DeLange","World Of Hurt","1998","https://open.spotify.com/track/0R0HLlYQiR3296KTtT7Fht","0R0HLlYQiR3296KTtT7Fht","No","","","263666","No","",""
"Missing Lyrics","Alles Komt In Orde - Live","Ilse DeLange","Alles Komt In Orde (Live)","2019","https://open.spotify.com/track/51uJj88naSIn2ocG2W41tn","51uJj88naSIn2ocG2W41tn","No","","","214213","No","",""
"Missing Lyrics","Almost","Ilse DeLange","Live In Gelredome","2011","https://open.spotify.com/track/0yWUodVhDlEODaCrgW6Tc0","0yWUodVhDlEODaCrgW6Tc0","No","","","304453","No","",""
"Missing Lyrics","Always Been","Ilse DeLange","Gravel & Dust","2019","https://open.spotify.com/track/1Zp8mZnvL99Rl6i6DSvT5V","1Zp8mZnvL99Rl6i6DSvT5V","No","","","209171","No","",""
"Missing Lyrics","Arms Of Salvation","The Common Linnets","The Common Linnets (Special Edition)","2014","https://open.spotify.com/track/1xtB9SGZHj75s5pjhFBlvm","1xtB9SGZHj75s5pjhFBlvm","No","","","149573","No","",""
"Missing Lyrics","Around Again","Ilse DeLange","Ilse DeLange","2018","https://open.spotify.com/track/02Jjp0C4oiOEAZM1eYhcpu","02Jjp0C4oiOEAZM1eYhcpu","No","","","248253","No","",""
"Missing Lyrics","Beautiful Distraction","Ilse DeLange","Live In Gelredome","2011","https://open.spotify.com/track/69Dk3fjE4SsO22qUo6iEyK","69Dk3fjE4SsO22qUo6iEyK","No","","","231946","No","",""
"Missing Lyrics","Before Complete Surrender","The Common Linnets","The Common Linnets (Special Edition)","2014","https://open.spotify.com/track/0KBzWaXD8j6yFOTOmN65Sa","0KBzWaXD8j6yFOTOmN65Sa","No","","","283360","No","",""
"Missing Lyrics","Before The Storm","Ilse DeLange","Before The Storm","2023","https://open.spotify.com/track/3Rul7xOVvLysGVak1Qu9N8","3Rul7xOVvLysGVak1Qu9N8","No","","","191760","No","",""
"Missing Lyrics","Better Than Rain","Ilse DeLange","Live in Amsterdam","2007","https://open.spotify.com/track/7Fo1wlmh1XPiPvxDNCld63","7Fo1wlmh1XPiPvxDNCld63","No","","","208613","No","",""
"Missing Lyrics","Better Than That","The Common Linnets","II","2015","https://open.spotify.com/track/58sJvBSQTRrLH7c9dnyBMz","58sJvBSQTRrLH7c9dnyBMz","No","","","184973","No","",""
"Missing Lyrics","Beyond Gravity","Ilse DeLange","Livin' On Love","2000","https://open.spotify.com/track/2YticmTE7WecehodIVOxGs","2YticmTE7WecehodIVOxGs","No","","","212000","No","",""
"Missing Lyrics","Blue Bittersweet - Sander Kleinenberg Remix","Ilse DeLange","Blue Bittersweet (Sander Kleinenberg Remix)","2013","https://open.spotify.com/track/3hRM1R9l6w3PuURollOZzJ","3hRM1R9l6w3PuURollOZzJ","No","","","312857","No","",""
"Missing Lyrics","Breathin'","Ilse DeLange","Livin' On Love","2000","https://open.spotify.com/track/0dSlA6swhoxdvt24l5Bpzx","0dSlA6swhoxdvt24l5Bpzx","No","","","219400","No","",""
"Missing Lyrics","Broken But Home","The Common Linnets","The Common Linnets (Special Edition)","2014","https://open.spotify.com/track/4umGHJNLQy5yEYGKTSpx7H","4umGHJNLQy5yEYGKTSpx7H","No","","","273026","No","",""
"Missing Lyrics","Broken But Home - Acoustic","The Common Linnets","The Common Linnets (Special Edition)","2014","https://open.spotify.com/track/2yJrEsEYSOimHThqALMpsu","2yJrEsEYSOimHThqALMpsu","No","","","278800","No","",""
"Missing Lyrics","Broken Girl","Ilse DeLange","Incredible (Platinum Edition)","2009","https://open.spotify.com/track/26LSUTxS4oeJYXv9gBHy81","26LSUTxS4oeJYXv9gBHy81","No","","","214360","No","",""
"Missing Lyrics","Broken Girl - Live in Ahoy 2009","Ilse DeLange","Live in Ahoy (Bonus Track Version)","2009","https://open.spotify.com/track/72QwlsHfeRPACWRAfloFVc","72QwlsHfeRPACWRAfloFVc","No","","","355866","No","",""
"Missing Lyrics","Calm After The Storm - Radio Edit","The Common Linnets","Calm After The Storm","2014","https://open.spotify.com/track/3mWdxSsbIK45Brors2XWR1","3mWdxSsbIK45Brors2XWR1","No","","","184378","No","",""
"Missing Lyrics","Carousel","Ilse DeLange","Next To Me (Standard version)","2010","https://open.spotify.com/track/42H8K72L4HggbJgGAwqWgT","42H8K72L4HggbJgGAwqWgT","No","","","220413","No","",""
"Missing Lyrics","Carry Hope","Ilse DeLange","The Great Escape","2006","https://open.spotify.com/track/6FbUIG8xVMpno0lx4wRW6G","6FbUIG8xVMpno0lx4wRW6G","No","","","257399","No","",""
"Missing Lyrics","Changes","Ilse DeLange","Changes","2020","https://open.spotify.com/track/0koqWgFPqooMDME3pP07X1","0koqWgFPqooMDME3pP07X1","No","","","185440","No","",""
"Missing Lyrics","Clean Up","Ilse DeLange","Clean Up","2003","https://open.spotify.com/track/5KAUZjeTp0ApJcNCdyy4ls","5KAUZjeTp0ApJcNCdyy4ls","No","","","224600","No","",""
"Missing Lyrics","Clouds","Ilse DeLange","Changes","2020","https://open.spotify.com/track/6BpE3URZAc77WbN58zioIp","6BpE3URZAc77WbN58zioIp","No","","","220253","No","",""
"Missing Lyrics","Coat Of Many Colors","Ilse DeLange","Live From Nashville","2024","https://open.spotify.com/track/1l0D3J0F8QwLzyhKzssocQ","1l0D3J0F8QwLzyhKzssocQ","No","","","220259","No","",""
"Missing Lyrics","Confetti Shotgun","Ilse DeLange","Tainted","2024","https://open.spotify.com/track/1a6DpuDsKFSDRhjIM7yGG8","6etsfBHyCgHHxpCrg5WvPB","No","","","190906","No","",""
"Missing Lyrics","Deep Sea","Ilse DeLange","Changes","2020","https://open.spotify.com/track/2Dr2NpAOZbFMXH41VNRLEt","2Dr2NpAOZbFMXH41VNRLEt","No","","","227026","No","",""
"Missing Lyrics","Déjà Vu","Ilse DeLange","Clean Up","2003","https://open.spotify.com/track/5C51xopsoMTodxTCJW0nHs","5C51xopsoMTodxTCJW0nHs","No","","","273026","No","",""
"Missing Lyrics","DOLUV2LUVU","Ilse DeLange","DOLUV2LUVU","2011","https://open.spotify.com/track/2XDktcDEMAZoQWP2nu1Z3l","2XDktcDEMAZoQWP2nu1Z3l","No","","","232160","No","",""
"Missing Lyrics","Don't Hold Back","Ilse DeLange","Don't Hold Back","2021","https://open.spotify.com/track/4HNJuQo4X1lejCjjj4mvg9","4HNJuQo4X1lejCjjj4mvg9","No","","","218730","No","",""
"Missing Lyrics","Drown Us Out","Ilse DeLange","Tainted","2024","https://open.spotify.com/track/1rMlX9SohVzedgRSyNLoj9","1rMlX9SohVzedgRSyNLoj9","No","","","198866","No","",""
"Missing Lyrics","Easy Come, Easy Go","Ilse DeLange","Tainted","2024","https://open.spotify.com/track/12SOSioHlw6zZuLOvi5i57","12SOSioHlw6zZuLOvi5i57","No","","","184040","No","",""
"Missing Lyrics","Everywhere I Go","Ilse DeLange","Livin' On Love","2000","https://open.spotify.com/track/2yH4Hru2h70jlXpBMltZzu","2yH4Hru2h70jlXpBMltZzu","No","","","233840","No","",""
"Missing Lyrics","Field Of Opportunity","Ilse DeLange","Live In Gelredome","2011","https://open.spotify.com/track/3q4ADyk1KcMRARDusuqDUT","3q4ADyk1KcMRARDusuqDUT","No","","","220800","No","",""
"Missing Lyrics","Flow","Ilse DeLange","Changes","2020","https://open.spotify.com/track/6RgLRvD70lp33iwsM3MEyU","6RgLRvD70lp33iwsM3MEyU","No","","","185360","No","",""
"Missing Lyrics","Flying Blind - Live in Ahoy 2009","Ilse DeLange","Live in Ahoy (Bonus Track Version)","2009","https://open.spotify.com/track/7d293CDPMjiSf68Td8ygQa","7d293CDPMjiSf68Td8ygQa","No","","","359826","No","",""
"Missing Lyrics","Fold This World","Ilse DeLange","Eye Of The Hurricane","2012","https://open.spotify.com/track/7lE69vNZOjnJNiF9Nxs8Ug","7lE69vNZOjnJNiF9Nxs8Ug","No","","","202866","No","",""
"Missing Lyrics","Follow","Ilse DeLange","Clean Up","2003","https://open.spotify.com/track/28AuzfZ1tm21T7YMJ7Pk0p","28AuzfZ1tm21T7YMJ7Pk0p","No","","","262346","No","",""
"Missing Lyrics","Für dich - Aus Sing meinen Song, Vol. 7","Ilse DeLange","Für dich (Aus Sing meinen Song, Vol. 7)","2020","https://open.spotify.com/track/08lu9iJNsIVH4O23lMZ77s","08lu9iJNsIVH4O23lMZ77s","No","","","194389","No","",""
"Missing Lyrics","Good Thing","Ilse DeLange","Livin' On Love","2000","https://open.spotify.com/track/5iijw0hdo4bZGblPK4oUr8","5iijw0hdo4bZGblPK4oUr8","No","","","247360","No","",""
"Missing Lyrics","Good To You","Ilse DeLange","Tainted","2024","https://open.spotify.com/track/4GICabnDFpTLqWQg8R5sft","4GICabnDFpTLqWQg8R5sft","No","","","224533","No","",""
"Missing Lyrics","Gravel & Dust","Ilse DeLange","Gravel & Dust","2019","https://open.spotify.com/track/1Y0wI4tlbkpBQyAy9LcpmB","1Y0wI4tlbkpBQyAy9LcpmB","No","","","199989","No","",""
"Missing Lyrics","Half The Love","Ilse DeLange","Ilse DeLange","2018","https://open.spotify.com/track/00juMXTq7MrlQlPit3pLGw","00juMXTq7MrlQlPit3pLGw","No","","","201160","No","",""
"Missing Lyrics","Heartbeat","Ilse DeLange","Ilse DeLange","2018","https://open.spotify.com/track/223nsGY0pEHr7SGhtj8BFT","223nsGY0pEHr7SGhtj8BFT","No","","","187053","No","",""
"Missing Lyrics","Heavenless","Ilse DeLange","Clean Up","2003","https://open.spotify.com/track/1w6eRs90TAB1dV6i7mvz3M","1w6eRs90TAB1dV6i7mvz3M","No","","","271733","No","",""
"Missing Lyrics","Het Regent In Mijn Hart - Live","Ilse DeLange","Het Regent In Mijn Hart (Live)","2019","https://open.spotify.com/track/0uRd3wKRSKD7z7GvO1i2xy","0uRd3wKRSKD7z7GvO1i2xy","No","","","211920","No","",""
"Missing Lyrics","Higher - Live","Ilse DeLange","Higher (Live Uit Liefde Voor Muziek)","2019","https://open.spotify.com/track/5iar7ek4FDr5KG1bDG4rh4","5iar7ek4FDr5KG1bDG4rh4","No","","","218906","No","",""
"Missing Lyrics","Homesick","Ilse DeLange","Changes","2020","https://open.spotify.com/track/0UOz3oRIyrQ1nBX17D1ygI","0UOz3oRIyrQ1nBX17D1ygI","No","","","260013","No","",""
"Missing Lyrics","Hungry Hands - Acoustic","The Common Linnets","The Common Linnets (Special Edition)","2014","https://open.spotify.com/track/5WDdf6wmN88oWhti70mihs","5WDdf6wmN88oWhti70mihs","No","","","234533","No","",""
"Missing Lyrics","I Almost Believed","Ilse DeLange","Here I Am (1998-2003)","2003","https://open.spotify.com/track/5GH03fMCnxJxlTmn26KZBU","5GH03fMCnxJxlTmn26KZBU","No","","","269466","No","",""
"Missing Lyrics","I Love You","Ilse DeLange","The Great Escape","2006","https://open.spotify.com/track/5uB1iRNAQ99krHNTDeqruv","5uB1iRNAQ99krHNTDeqruv","No","","","230760","No","",""
"Missing Lyrics","I Love You - Live @ HMH","Ilse DeLange","Live in Amsterdam","2007","https://open.spotify.com/track/1xjukRGM7JOY2LET7BpTJ2","1xjukRGM7JOY2LET7BpTJ2","No","","","256386","No","",""
"Missing Lyrics","I Still Cry","Ilse DeLange","Live In Gelredome","2011","https://open.spotify.com/track/2n1X7QFQxFGw9QAqCWiepw","2n1X7QFQxFGw9QAqCWiepw","No","","","345093","No","",""
"Missing Lyrics","I Will Always Love You","Ilse DeLange","Live From Nashville","2024","https://open.spotify.com/track/09Y5k7U8YkJx7zNZ8tv2F5","09Y5k7U8YkJx7zNZ8tv2F5","No","","","190196","No","",""
"Missing Lyrics","I Will Always Love You - Live @ HMH","Ilse DeLange","Live in Amsterdam","2007","https://open.spotify.com/track/1txCB8CypkPQ5NLZFpIVon","1txCB8CypkPQ5NLZFpIVon","No","","","254680","No","",""
"Missing Lyrics","I'd Be Yours - Live @ HMH","Ilse DeLange","Live in Amsterdam","2007","https://open.spotify.com/track/1gdWjJx5nKsKMYhssDVrcd","1gdWjJx5nKsKMYhssDVrcd","No","","","183560","No","",""
"Missing Lyrics","I'd Be Yours - Live in Ahoy 2009","Ilse DeLange","Live in Ahoy (Bonus Track Version)","2009","https://open.spotify.com/track/3msVWTh8ZJjRJlKrocsl6g","3msVWTh8ZJjRJlKrocsl6g","No","","","186773","No","",""
"Missing Lyrics","I'll Hold On","Ilse DeLange","I'll Hold On","2020","https://open.spotify.com/track/3kuOpyrGLaBBefUNG5YAnS","3kuOpyrGLaBBefUNG5YAnS","No","","","192085","No","",""
"Missing Lyrics","I'm Not So Tough","Ilse DeLange","Live In Gelredome","2011","https://open.spotify.com/track/0hG3ehBdAAoybSQdGRkm4N","0hG3ehBdAAoybSQdGRkm4N","No","","","573146","No","",""
"Missing Lyrics","I'm Not So Tough - Live @ HMH","Ilse DeLange","Live in Amsterdam","2007","https://open.spotify.com/track/520lH2eSVqHcVjCjbRIQbA","520lH2eSVqHcVjCjbRIQbA","No","","","454426","No","",""
"Missing Lyrics","I'm Not So Tough - Live in Ahoy 2009","Ilse DeLange","Live in Ahoy (Bonus Track Version)","2009","https://open.spotify.com/track/3pDiEF0ktAjGvLLv5Hyfkx","3pDiEF0ktAjGvLLv5Hyfkx","No","","","451586","No","",""
"Missing Lyrics","If It Takes All Night","Ilse DeLange","Live In Gelredome","2011","https://open.spotify.com/track/3nrQCLY8R3A4FMChcFItZ5","3nrQCLY8R3A4FMChcFItZ5","No","","","254000","No","",""
"Missing Lyrics","If You Had the Heart","Ilse DeLange","World Of Hurt","1998","https://open.spotify.com/track/219NgmaeVIw9wNE7XyVpLN","219NgmaeVIw9wNE7XyVpLN","No","","","194426","No","",""
"Missing Lyrics","Josiesomething - Live","Ilse DeLange","Josiesomething (Live Uit Liefde Voor Muziek)","2019","https://open.spotify.com/track/6n95yrz7f5MifQ6aNDSSoO","6n95yrz7f5MifQ6aNDSSoO","No","","","211640","No","",""
"Missing Lyrics","Just Kids","Ilse DeLange","Eye Of The Hurricane","2012","https://open.spotify.com/track/3CPUJeElZRhuMROF8UJe2x","3CPUJeElZRhuMROF8UJe2x","No","","","225186","No","",""
"Missing Lyrics","Lay Your Weapons Down","Ilse DeLange","Ilse DeLange","2018","https://open.spotify.com/track/1TOjt3I09kBRvndzuvdMkC","1TOjt3I09kBRvndzuvdMkC","No","","","219186","No","",""
"Missing Lyrics","Lay Your Weapons Down - Acoustic","Ilse DeLange","Lay Your Weapons Down (Acoustic)","2018","https://open.spotify.com/track/4b2kDKZCGdWEVrWTwC4uUv","4b2kDKZCGdWEVrWTwC4uUv","No","","","205108","No","",""
"Missing Lyrics","Learning To Swim","Ilse DeLange","Eye Of The Hurricane","2012","https://open.spotify.com/track/5p7mu9rZorm8Qs4e5ygwkm","5p7mu9rZorm8Qs4e5ygwkm","No","","","198920","No","",""
"Missing Lyrics","Livin' On Love - Live @ HMH","Ilse DeLange","Live in Amsterdam","2007","https://open.spotify.com/track/1dBMYqzqLrmpiCBmy9GeWK","1dBMYqzqLrmpiCBmy9GeWK","No","","","316893","No","",""
"Missing Lyrics","Livin' On Love - Live in Ahoy 2009","Ilse DeLange","Live in Ahoy (Bonus Track Version)","2009","https://open.spotify.com/track/3owkuFd9XWWvQMX4lsQu4I","3owkuFd9XWWvQMX4lsQu4I","No","","","317386","No","",""
"Missing Lyrics","Love Won't Hide","Ilse DeLange","Incredible (Platinum Edition)","2009","https://open.spotify.com/track/5Ar30VVWMERNaWleziPtAb","5Ar30VVWMERNaWleziPtAb","No","","","193853","No","",""
"Missing Lyrics","Love Won't Hide - Live in Ahoy 2009","Ilse DeLange","Live in Ahoy (Bonus Track Version)","2009","https://open.spotify.com/track/2CDkaIJ2qyv2HF5G9IkrZw","2CDkaIJ2qyv2HF5G9IkrZw","No","","","242426","No","",""
"Missing Lyrics","Miracle","Ilse DeLange","Live In Gelredome","2011","https://open.spotify.com/track/2Fif2DQrGKhdGs2OqmCo4w","2Fif2DQrGKhdGs2OqmCo4w","No","","","277453","No","",""
"Missing Lyrics","Miracle - Demo Version","Ilse DeLange","Incredible (Platinum Edition)","2009","https://open.spotify.com/track/5TEU0LaQG8K1CzD7o9mdgc","5TEU0LaQG8K1CzD7o9mdgc","No","","","269173","No","",""
"Missing Lyrics","Miracle - Live in Ahoy 2009","Ilse DeLange","Live in Ahoy (Bonus Track Version)","2009","https://open.spotify.com/track/3o47uppH8ECU9WVy8UknYP","3o47uppH8ECU9WVy8UknYP","No","","","274173","No","",""
"Missing Lyrics","Mirror Of The Broken Past","Ilse DeLange","Gravel & Dust","2019","https://open.spotify.com/track/6xxcJW257GT8WHycoqRlFn","6xxcJW257GT8WHycoqRlFn","No","","","215156","No","",""
"Missing Lyrics","Naked Heart","Ilse DeLange","Livin' On Love","2000","https://open.spotify.com/track/5OWyhoYxpD6wK93IX2bQ8T","5OWyhoYxpD6wK93IX2bQ8T","No","","","235533","No","",""
"Missing Lyrics","New Amsterdam","Ilse DeLange","Gravel & Dust","2019","https://open.spotify.com/track/03Pq4HmxjmodriqTswx2wM","03Pq4HmxjmodriqTswx2wM","No","","","216431","No","",""
"Missing Lyrics","New Beginnings","Ilse DeLange","Clean Up","2003","https://open.spotify.com/track/0E60tyh9gSQGnB8NM3RGCG","0E60tyh9gSQGnB8NM3RGCG","No","","","267146","No","",""
"Missing Lyrics","Next To Me","Ilse DeLange","Live In Gelredome","2011","https://open.spotify.com/track/3GgYXKXqkXdFXDl8wfiPww","3GgYXKXqkXdFXDl8wfiPww","No","","","267800","No","",""
"Missing Lyrics","Next To Me (Instrumental version)","Ilse DeLange","Next To Me","2010","https://open.spotify.com/track/7ErirhnaKOc8tLS5sviZIb","7ErirhnaKOc8tLS5sviZIb","No","","","235600","No","",""
"Missing Lyrics","No End In Sight","Ilse DeLange","Gravel & Dust","2019","https://open.spotify.com/track/4Wcw4fYmbxX6ZwCKiGcpJN","4Wcw4fYmbxX6ZwCKiGcpJN","No","","","194902","No","",""
"Missing Lyrics","No Reason to Be Shy","Ilse DeLange","Clean Up","2003","https://open.spotify.com/track/2i2K6gs8EtRiRA1ZvNQ0hd","2i2K6gs8EtRiRA1ZvNQ0hd","No","","","260826","No","",""
"Missing Lyrics","Nobody Really Knows","Ilse DeLange","Clean Up","2003","https://open.spotify.com/track/4FVpTgTAgOdPWFYXGAeLKh","4FVpTgTAgOdPWFYXGAeLKh","No","","","275533","No","",""
"Missing Lyrics","OK - Acoustic","Ilse DeLange","Ilse DeLange","2018","https://open.spotify.com/track/1Ga5uxnTEz0GoIxZvPXpyI","1Ga5uxnTEz0GoIxZvPXpyI","No","","","205320","No","",""
"Missing Lyrics","Old Sweater","Ilse DeLange","Changes","2020","https://open.spotify.com/track/5RiofRzyO90qKAgv0ZmJml","5RiofRzyO90qKAgv0ZmJml","No","","","188960","No","",""
"Missing Lyrics","Old Tears","Ilse DeLange","World Of Hurt","1998","https://open.spotify.com/track/2z1wdnYx7UeyDlchOsdDfe","2z1wdnYx7UeyDlchOsdDfe","No","","","217106","No","",""
"Missing Lyrics","Owe It All To You","Ilse DeLange","Tainted","2024","https://open.spotify.com/track/1ByFoVEAJPQkgfDWG3aItb","1ByFoVEAJPQkgfDWG3aItb","No","","","169146","No","",""
"Missing Lyrics","Peaceful in Mine","Ilse DeLange","Livin' On Love","2000","https://open.spotify.com/track/7vdITfvZ1msrpiKKYaqqw9","7vdITfvZ1msrpiKKYaqqw9","No","","","360600","No","",""
"Missing Lyrics","Pirate Of Your Soul - Live in Ahoy 2009","Ilse DeLange","Live in Ahoy (Bonus Track Version)","2009","https://open.spotify.com/track/6UanyvlgbVpvf6iVzeLkns","6UanyvlgbVpvf6iVzeLkns","No","","","235853","No","",""
"Missing Lyrics","Puzzle me - Demo Version","Ilse DeLange","Incredible (Platinum Edition)","2009","https://open.spotify.com/track/41IACADClDZ5uSWStMjuxb","41IACADClDZ5uSWStMjuxb","No","","","226053","No","",""
"Missing Lyrics","Puzzle me - Live in Ahoy 09","Ilse DeLange","Puzzle Me","2009","https://open.spotify.com/track/1MIq91HWwHa3u4eY9zzuQO","1MIq91HWwHa3u4eY9zzuQO","No","","","228226","No","",""
"Missing Lyrics","Puzzle Me - Live in Ahoy 2009","Ilse DeLange","Live in Ahoy (Bonus Track Version)","2009","https://open.spotify.com/track/2iUiEYFCGWYbdhjO8C4tDV","2iUiEYFCGWYbdhjO8C4tDV","No","","","228986","No","",""
"Missing Lyrics","Quiet","Ilse DeLange","Tainted","2024","https://open.spotify.com/track/5yX5TN3TIku1jmfxziuocl","1ST4h7kGvWOVYYZRqU63oQ","No","","","201826","No","",""
"Missing Lyrics","Reach For The Light - Acoustic Version","Ilse DeLange","The Lonely One (e-product)","2006","https://open.spotify.com/track/7flTYbX7fofH9J8KbKkT2D","7flTYbX7fofH9J8KbKkT2D","No","","","270546","No","",""
"Missing Lyrics","Reach For The Light - Live @ HMH","Ilse DeLange","Live in Amsterdam","2007","https://open.spotify.com/track/1bUsvmXvKwO0MXRSVRne85","1bUsvmXvKwO0MXRSVRne85","No","","","270146","No","",""
"Missing Lyrics","Reach For The Light - Radio Edit","Ilse DeLange","Reach For The Light","2007","https://open.spotify.com/track/4xudARQj3usETAJ18wybcW","4xudARQj3usETAJ18wybcW","No","","","231093","No","",""
"Missing Lyrics","Ride the Wind to Me","Ilse DeLange","Livin' On Love","2000","https://open.spotify.com/track/3IOb0ok3e8RaRYbpIh6utd","3IOb0ok3e8RaRYbpIh6utd","No","","","246506","No","",""
"Missing Lyrics","Rooftop - Aus Sing meinen Song, Vol. 7","Ilse DeLange","Rooftop (Aus Sing meinen Song, Vol. 7)","2020","https://open.spotify.com/track/5UIOxhuXIlynyPccln3yuw","5UIOxhuXIlynyPccln3yuw","No","","","238778","No","",""
"Missing Lyrics","Runaway","Ilse DeLange","Ilse DeLange","2018","https://open.spotify.com/track/3TAXORB5c127VrvpeIQGSF","3TAXORB5c127VrvpeIQGSF","No","","","225080","No","",""
"Missing Lyrics","Runaway - Acoustic","Ilse DeLange","Ilse DeLange","2018","https://open.spotify.com/track/4hf9rA6yairuqJz7LrNSr4","4hf9rA6yairuqJz7LrNSr4","No","","","224026","No","",""
"Missing Lyrics","Running Out Of Tears","Ilse DeLange","Tainted","2024","https://open.spotify.com/track/4ElTUP2JltU8vn28AvETT7","4ElTUP2JltU8vn28AvETT7","No","","","217640","No","",""
"Missing Lyrics","Seven Shades Of Blue - Live","Ilse DeLange","Seven Shades Of Blue (Live)","2019","https://open.spotify.com/track/2sduRY6PDCPQ1W9SllfRg8","2sduRY6PDCPQ1W9SllfRg8","No","","","258866","No","",""
"Missing Lyrics","Sister Golden Hair - Live @ HMH","Ilse DeLange","Live in Amsterdam","2007","https://open.spotify.com/track/2XZ9WMB3H7ZjrHteXhvGu5","2XZ9WMB3H7ZjrHteXhvGu5","No","","","192253","No","",""
"Missing Lyrics","Snow Tonight - Live at home, 2007","Ilse DeLange","Live in Amsterdam","2007","https://open.spotify.com/track/72ZOx61Umb4zLpmhmbmAyP","72ZOx61Umb4zLpmhmbmAyP","No","","","177120","No","",""
"Missing Lyrics","So incredible - Demo Version","Ilse DeLange","Incredible (Platinum Edition)","2009","https://open.spotify.com/track/57yIiO6KwssUEnzfEA9EKj","57yIiO6KwssUEnzfEA9EKj","No","","","182253","No","",""
"Missing Lyrics","So incredible - Live","Ilse DeLange","Puzzle Me","2009","https://open.spotify.com/track/42TP4vdDz3xJNp0nnG00yZ","42TP4vdDz3xJNp0nnG00yZ","No","","","193813","No","",""
"Missing Lyrics","So Incredible - Live in Ahoy 2009","Ilse DeLange","Live in Ahoy (Bonus Track Version)","2009","https://open.spotify.com/track/103WblTyLwLHznidxksClQ","103WblTyLwLHznidxksClQ","No","","","365480","No","",""
"Missing Lyrics","Softly Spoken","Ilse DeLange","Tainted","2024","https://open.spotify.com/track/3XK8KdrFBiHhzbIJcJqCva","3XK8KdrFBiHhzbIJcJqCva","No","","","177773","No","",""
"Missing Lyrics","Some Things You Don't Forget","Ilse DeLange","Gravel & Dust","2019","https://open.spotify.com/track/0sLAhIN399XpnqcLEpS9MX","0sLAhIN399XpnqcLEpS9MX","No","","","229462","No","",""
"Missing Lyrics","Somewhere Only We Know - Live At Q-Music","Ilse DeLange","Somewhere Only We Know (Live At Q-Music)","2020","https://open.spotify.com/track/1xWGR4C2LzhQeWJpONPmtV","1xWGR4C2LzhQeWJpONPmtV","No","","","275533","No","",""
"Missing Lyrics","Still","Ilse DeLange","Ilse DeLange","2018","https://open.spotify.com/track/57pZ6tdH2nF25rcZrcmgex","57pZ6tdH2nF25rcZrcmgex","No","","","192253","No","",""
"Missing Lyrics","Stranger I Once Knew","Ilse DeLange","Tainted","2024","https://open.spotify.com/track/7hU6C4nllsd7e1fXmR8uFI","7hU6C4nllsd7e1fXmR8uFI","No","","","207760","No","",""
"Missing Lyrics","Stuck In The Middle - Live in Ahoy 2009","Ilse DeLange","Live in Ahoy (Bonus Track Version)","2009","https://open.spotify.com/track/4sbXx4RT24Y2rEEOt0hUIy","4sbXx4RT24Y2rEEOt0hUIy","No","","","247186","No","",""
"Missing Lyrics","Tainted","Ilse DeLange","Tainted","2024","https://open.spotify.com/track/77M3EbHELhMF7l9QseWptz","77M3EbHELhMF7l9QseWptz","No","","","183453","No","",""
"Missing Lyrics","The Great Escape - Live @ HMH","Ilse DeLange","Live in Amsterdam","2007","https://open.spotify.com/track/3eNJy2Ke2VQx2NMA4Hdp0t","3eNJy2Ke2VQx2NMA4Hdp0t","No","","","243053","No","",""
"Missing Lyrics","The Lonely One - Live @ HMH","Ilse DeLange","Live in Amsterdam","2007","https://open.spotify.com/track/3czP4p5nsjiXd8R1kpW4WS","3czP4p5nsjiXd8R1kpW4WS","No","","","261493","No","",""
"Missing Lyrics","The World (feat. Ilse DeLange)","Ilse DeLange","The World (feat. Ilse DeLange)","2021","https://open.spotify.com/track/64YDgrUl7P01a4c3maaKCc","64YDgrUl7P01a4c3maaKCc","No","","","177733","No","",""
"Missing Lyrics","This Isn’t Really Love","Ilse DeLange","Tainted","2024","https://open.spotify.com/track/4Sz0Goi1fCmR2EKekNNNWu","4Sz0Goi1fCmR2EKekNNNWu","No","","","204053","No","",""
"Missing Lyrics","This Isn’t Really Love - acoustic","Ilse DeLange","This Isn’t Really Love","2024","https://open.spotify.com/track/6YZjdXJ2fyEs96QEncD9jl","6YZjdXJ2fyEs96QEncD9jl","No","","","198620","No","",""
"Missing Lyrics","Violet & Blue","Ilse DeLange","Ilse DeLange","2018","https://open.spotify.com/track/3oMoukyXBHQWhfgnwzKEsk","3oMoukyXBHQWhfgnwzKEsk","No","","","215853","No","",""
"Missing Lyrics","Violet & Blue - Acoustic","Ilse DeLange","Ilse DeLange","2018","https://open.spotify.com/track/1L6LcZo2JuosVrU40dB1Qx","1L6LcZo2JuosVrU40dB1Qx","No","","","209746","No","",""
"Missing Lyrics","Watch me go","Ilse DeLange","Incredible (Platinum Edition)","2009","https://open.spotify.com/track/5Oo9De98Hgfl03KPCXc6JP","5Oo9De98Hgfl03KPCXc6JP","No","","","213640","No","",""
"Missing Lyrics","Way Back Home","Ilse DeLange","Changes","2020","https://open.spotify.com/track/1PMEUA8qxt9cyadFKDQxGh","1PMEUA8qxt9cyadFKDQxGh","No","","","193933","No","",""
"Missing Lyrics","Way Back Home - Why So Loco Remix","Ilse DeLange","Way Back Home (Why So Loco Remix)","2020","https://open.spotify.com/track/7pt5lXrD1EiDmU4gYY5cdC","7pt5lXrD1EiDmU4gYY5cdC","No","","","196729","No","",""
"Missing Lyrics","We Are Diamonds","Ilse DeLange","Eye Of The Hurricane","2012","https://open.spotify.com/track/1UWD84cyBmDncSUS6DfDOI","1UWD84cyBmDncSUS6DfDOI","No","","","254866","No","",""
"Missing Lyrics","We're alright - Demo Version","Ilse DeLange","Incredible (Platinum Edition)","2009","https://open.spotify.com/track/62kkPRbMTrJzzh9NOJW1Hq","62kkPRbMTrJzzh9NOJW1Hq","No","","","244040","No","",""
"Missing Lyrics","We're Alright - Live in Ahoy 2009","Ilse DeLange","Live in Ahoy (Bonus Track Version)","2009","https://open.spotify.com/track/2S10YUfIko92Qt5JajGUUr","2S10YUfIko92Qt5JajGUUr","No","","","243040","No","",""
"Missing Lyrics","Went For A While","Ilse DeLange","Gravel & Dust","2019","https://open.spotify.com/track/6Pg2BZclvGXt0XoaJIfSQw","6Pg2BZclvGXt0XoaJIfSQw","No","","","225604","No","",""
"Missing Lyrics","When It's You","Ilse DeLange","After The Hurricane - Greatest Hits & More","2013","https://open.spotify.com/track/6aMe1NJ5dR1ODn5EO7HKqO","6aMe1NJ5dR1ODn5EO7HKqO","No","","","231306","No","",""
"Missing Lyrics","When We Don't Talk","Ilse DeLange","Here I Am (1998-2003)","2003","https://open.spotify.com/track/2aByQu7NyHQ9WZ8FGDwXHU","2aByQu7NyHQ9WZ8FGDwXHU","No","","","180053","No","",""
"Missing Lyrics","When We Don't Talk - Live in Ahoy 2009","Ilse DeLange","Live in Ahoy (Bonus Track Version)","2009","https://open.spotify.com/track/5kK3s8gPcUmXKzQQ2jAzeD","5kK3s8gPcUmXKzQQ2jAzeD","No","","","181786","No","",""
"Missing Lyrics","When You Put It Like That","Ilse DeLange","Livin' On Love","2000","https://open.spotify.com/track/4KKLb1Nn6LQtxQOaTfpAu2","4KKLb1Nn6LQtxQOaTfpAu2","No","","","275333","No","",""
"Missing Lyrics","Where Dreams Go To Die","Ilse DeLange","Gravel & Dust","2019","https://open.spotify.com/track/1WLGPVEmI1ptBzpEtdfaXP","1WLGPVEmI1ptBzpEtdfaXP","No","","","196683","No","",""
"Missing Lyrics","Willing","Ilse DeLange","Tainted","2024","https://open.spotify.com/track/53AU5rNewx55lqPpO1XjGv","53AU5rNewx55lqPpO1XjGv","No","","","177813","No","",""
"Missing Lyrics","World Of Hurt","Ilse DeLange","Live In Gelredome","2011","https://open.spotify.com/track/1E24C7zvbbM4VEgzA1rbWP","1E24C7zvbbM4VEgzA1rbWP","No","","","305600","No","",""
"Missing Lyrics","World Of Hurt - Live @ HMH","Ilse DeLange","Live in Amsterdam","2007","https://open.spotify.com/track/69CGxhEcTHxDb5peBboRSk","69CGxhEcTHxDb5peBboRSk","No","","","285533","No","",""
"Missing Lyrics","World Of Hurt - Live in Ahoy 2009","Ilse DeLange","Live in Ahoy (Bonus Track Version)","2009","https://open.spotify.com/track/10F6M9WZrQYTsiF5BlcYeQ","10F6M9WZrQYTsiF5BlcYeQ","No","","","293106","No","",""
"Missing Lyrics","Wrong Direction","Ilse DeLange","Changes","2020","https://open.spotify.com/track/2j0xyMTbwQHRZAL8IGL6JK","2j0xyMTbwQHRZAL8IGL6JK","No","","","208666","No","",""
"Missing Lyrics","YOU","Ilse DeLange","YOU","2023","https://open.spotify.com/track/1gicKfgyjPcE2iu8pSfezP","1gicKfgyjPcE2iu8pSfezP","No","","","181986","No","",""
"Missing Lyrics","You Are The Reason - Bonus Track","Ilse DeLange","Ilse DeLange","2018","https://open.spotify.com/track/6RZlVk46uChR1pzrwos3g1","6RZlVk46uChR1pzrwos3g1","No","","","192360","No","",""
"Missing Lyrics","You Are The Reason - Duet Version","Ilse DeLange","You Are The Reason (Duet Version)","2018","https://open.spotify.com/track/5EZ271f0mk30M9s7lXPlsh","5EZ271f0mk30M9s7lXPlsh","No","","","189810","No","",""
"Missing Lyrics","Zuster - Live Uit Liefde Voor Muziek","Ilse DeLange","Zuster (Live Uit Liefde Voor Muziek)","2019","https://open.spotify.com/track/1UU2rtGgfbkCVKC0w8s2cg","1UU2rtGgfbkCVKC0w8s2cg","No","","","222066","No","",""
"Local Only","Als je iets kan doen","Ilse DeLange","","","","","Yes","","","","","","No Spotify match found"
"Local Only","Angel eyes","Ilse DeLange","","","","","Yes","","","","","","No Spotify match found"
"Local Only","Dance with Spirit","Ilse DeLange","","","","","Yes","","","","","","No Spotify match found"
"Local Only","Day one God smiled,","Ilse DeLange","","","","","Yes","","","","","","No Spotify match found"
"Local Only","De oorlog meegemaakt","Ilse DeLange","","","","","Yes","","","","","","No Spotify match found"
"Local Only","Down Here the River Meets the Sea","Ilse DeLange","","","","","Yes","","","","","","No Spotify match found"
"Local Only","Down in the water baby you threw me,","Ilse DeLange","","","","","Yes","","","","","","No Spotify match found"
"Local Only","Five Hundred and Nine Black Sheep Slowly Jump Over Me","Ilse DeLange","","","","","Yes","","","","","","No Spotify match found"
"Local Only","Gold and Purple Sky","Ilse DeLange","","","","","Yes","","","","","","No Spotify match found"
"Local Only","He Loves His Woman","Ilse DeLange","","","","","Yes","","","","","","No Spotify match found"
"Local Only","high places","Ilse DeLange","","","","","Yes","","","","","","No Spotify match found"
"Local Only","I can almost read your mind, it's runnin' fast,","Ilse DeLange","","","","","Yes","","","","","","No Spotify match found"
"Local Only","I can't give","Ilse DeLange","","","","","Yes","","","","","","No Spotify match found"
"Local Only","I Like It Like That","The Common Linnets","","","","","Yes","","","","","","No Spotify match found"
"Local Only","I lived my life, convinced i find your love somehow, somewhere.","Ilse DeLange","","","","","Yes","","","","","","No Spotify match found"
"Local Only","I Pick Up This Bag Again","Ilse DeLange","","","","","Yes","","","","","","No Spotify match found"
"Local Only","I See All That I Ever Wanted","Ilse DeLange","","","","","Yes","","","","","","No Spotify match found"
"Local Only","I Stand Still","Ilse DeLange","","","","","Yes","","","","","","No Spotify match found"
"Local Only","I Want to Dive Into Your Ocean","The Common Linnets","","","","","Yes","","","","","","No Spotify match found"
"Local Only","I you can’t see the truth or you just won’t","The Common Linnets","","","","","Yes","","","","","","No Spotify match found"
"Local Only","I'm feelin' like a misfit, you're the big hit, got addicted to","Ilse DeLange","","","","","Yes","","","","","","No Spotify match found"
"Local Only","I'm making flowers out of paper","Ilse DeLange","","","","","Yes","","","","","","No Spotify match found"
"Local Only","I've been lookin' at you, lookin' at me","Ilse DeLange","","","","","Yes","","","","","","No Spotify match found"
"Local Only","I've seen your dreams get broken","Ilse DeLange","","","","","Yes","","","","","","No Spotify match found"
"Local Only","Iedereen is van de Wereld","Ilse DeLange","","","","","Yes","","","","","","No Spotify match found"
"Local Only","If We Could Look Down from Above","Ilse DeLange","","","","","Yes","","","","","","No Spotify match found"
"Local Only","In the Space Left Behind","Ilse DeLange","","","","","Yes","","","","","","No Spotify match found"
"Local Only","It's been a long week","Ilse DeLange","","","","","Yes","","","","","","No Spotify match found"
"Local Only","Jolene","The Common Linnets","","","","","Yes","","","","","","No Spotify match found"
"Local Only","Kalverliefde","The Common Linnets","","","","","Yes","","","","","","No Spotify match found"
"Local Only","Let the Daybreak in the Morning","Ilse DeLange","","","","","Yes","","","","","","No Spotify match found"
"Local Only","Look Outside","Ilse DeLange","","","","","Yes","","","","","","No Spotify match found"
"Local Only","Make the Tables Turn","Ilse DeLange","","","","","Yes","","","","","","No Spotify match found"
"Local Only","My head’s full","Ilse DeLange","","","","","Yes","","","","","","No Spotify match found"
"Local Only","No Petrol in the Car","Ilse DeLange","","","","","Yes","","","","","","No Spotify match found"
"Local Only","Not everything’s gonna go your way","Ilse DeLange","","","","","Yes","","","","","","No Spotify match found"
"Local Only","Now Baby We Should Go Back","Ilse DeLange","","","","","Yes","","","","","","No Spotify match found"
"Local Only","Oh Ik Droom Ervan","Ilse DeLange","","","","","Yes","","","","","","No Spotify match found"
"Local Only","Open je ogen","Ilse DeLange","","","","","Yes","","","","","","No Spotify match found"
"Local Only","Oud Geboren","Ilse DeLange","","","","","Yes","","","","","","No Spotify match found"
"Local Only","Our Summer Nights","Ilse DeLange","","","","","Yes","","","","","","No Spotify match found"
"Local Only","Rewrote the Story That I Have Told","Ilse DeLange","","","","","Yes","","","","","","No Spotify match found"
"Local Only","Riding with the King","Ilse DeLange","","","","","Yes","","","","","","No Spotify match found"
"Local Only","She Is Dancing for You Now","Ilse DeLange","","","","","Yes","","","","","","No Spotify match found"
"Local Only","Shine","Ilse DeLange","","","","","Yes","","","","","","No Spotify match found"
"Local Only","Snow tonight","Ilse DeLange","","","","","Yes","","","","","","No Spotify match found"
"Local Only","Someone Put a Lock on This Old Door","Ilse DeLange","","","","","Yes","","","","","","No Spotify match found"
"Local Only","Something Inside So Strong","Ilse DeLange","","","","","Yes","","","","","","No Spotify match found"
"Local Only","Stay Tonight","Ilse DeLange","","","","","Yes","","","","","","No Spotify match found"
"Local Only","Sure Pinocchio","Ilse DeLange","","","","","Yes","","","","","","No Spotify match found"
"Local Only","Sweet Touch of Citrus Skin","Ilse DeLange","","","","","Yes","","","","","","No Spotify match found"
"Local Only","That Girl You Were Seein' Back in '72","Ilse DeLange","","","","","Yes","","","","","","No Spotify match found"
"Local Only","The Angels Rejoiced Last Night","Ilse DeLange","","","","","Yes","","","","","","No Spotify match found"
"Local Only","The Only Thing That Keeps Me Down Is Gravity","Ilse DeLange","","","","","Yes","","","","","","No Spotify match found"
"Local Only","The Power Is in Your Hands","Ilse DeLange","","","","","Yes","","","","","","No Spotify match found"
"Local Only","The silence that's fallen between us,","Ilse DeLange","","","","","Yes","","","","","","No Spotify match found"
"Local Only","The Smell of the Roses","Ilse DeLange","","","","","Yes","","","","","","No Spotify match found"
"Local Only","There’s been a lot of miscommunication lately","Ilse DeLange","","","","","Yes","","","","","","No Spotify match found"
"Local Only","This steering wheel's freezin', this road gets so lonesome","The Common Linnets","","","","","Yes","","","","","","No Spotify match found"
"Local Only","Time to Turn a 45 and Listening to the Opening Line","Ilse DeLange","","","","","Yes","","","","","","No Spotify match found"
"Local Only","Tonight I Called Out Your Name","Ilse DeLange","","","","","Yes","","","","","","No Spotify match found"
"Local Only","Underneath the Surface Rising Tide","Ilse DeLange","","","","","Yes","","","","","","No Spotify match found"
"Local Only","Walking that line,saying I'm fine","Ilse DeLange","","","","","Yes","","","","","","No Spotify match found"
"Local Only","Wanna Love You Forever","Ilse DeLange","","","","","Yes","","","","","","No Spotify match found"
"Local Only","We fall into the ocean","Ilse DeLange","","","","","Yes","","","","","","No Spotify match found"
"Local Only","We spend so much time deciding","Ilse DeLange","","","","","Yes","","","","","","No Spotify match found"
"Local Only","Well I've heard enough","Ilse DeLange","","","","","Yes","","","","","","No Spotify match found"
"Local Only","Well my daddy he stood at the foot of the stairs","Ilse DeLange","","","","","Yes","","","","","","No Spotify match found"
"Local Only","What we have here is a misunderstanding","Ilse DeLange","","","","","Yes","","","","","","No Spotify match found"
"Local Only","What's all this confusion","Ilse DeLange","","","","","Yes","","","","","","No Spotify match found"
"Local Only","When I call you in the morning","Ilse DeLange","","","","","Yes","","","","","","No Spotify match found"
"Local Only","When the road gets dark","Ilse DeLange","","","","","Yes","","","","","","No Spotify match found"
"Local Only","When the sun comes up","Ilse DeLange","","","","","Yes","","","","","","No Spotify match found"
"Local Only","When your troubled heart is restless","The Common Linnets","","","","","Yes","","","","","","No Spotify match found"
"Local Only","You come to me crying with your head hung down","Ilse DeLange","","","","","Yes","","","","","","No Spotify match found"
"Local Only","You found me","Ilse DeLange","","","","","Yes","","","","","","No Spotify match found"
"Local Only","You seemed so different from everyone","Ilse DeLange","","","","","Yes","","","","","","No Spotify match found"
"Local Only","You took it to heart","Ilse DeLange","","","","","Yes","","","","","","No Spotify match found"
